{
"variables": {
       "http_port": ""
    },
    "builders": [{
        "type": "amazon-ebs",
        "region": "us-east-1",
        "source_ami": "ami-27a58d5c",
        "instance_type": "m3.medium",
        "iam_instance_profile": "BaseIAMRole",
        "ami_name": "Anjaneya-ContosoUniversity-ami {{timestamp}}",
        "user_data_file":"{{user `ec2-userdata.ps1`}}",
        "communicator": "winrm",
        "winrm_username": "Administrator",
        "winrm_use_ssl": true,
        "winrm_insecure": true,
        "associate_public_ip_address" : true,
        "tags":{
                 "spinnaker" : "allowed"}
    }],

    "provisioners": [
        {
            "type": "powershell",
            "script": "{{user `init.ps1`}}"
        }
    ]
}